Company Name,CIK,Form Type,Date Filed,Filename
OPTICAL CABLE CORP,0001000230,10-K,2022-12-22,edgar/data/1000230/0001437749-22-029578.txt
GEOSPACE TECHNOLOGIES CORP,0001001115,10-K,2022-11-18,edgar/data/1001115/0000950170-22-025429.txt
"STAR GROUP, L.P.",0001002590,10-K,2022-12-07,edgar/data/1002590/0000950170-22-026161.txt
MSC INDUSTRIAL DIRECT CO INC,0001003078,10-K,2022-10-20,edgar/data/1003078/0001003078-22-000127.txt
BARNWELL INDUSTRIES INC,0000010048,10-K,2022-12-29,edgar/data/10048/0000010048-22-000029.txt
"TYSON FOODS, INC.",0000100493,10-K,2022-11-14,edgar/data/100493/0000100493-22-000097.txt
SUBURBAN PROPANE PARTNERS LP,0001005210,10-K,2022-11-23,edgar/data/1005210/0000950170-22-025646.txt
MOHEGAN TRIBAL GAMING AUTHORITY,0001005276,10-K,2022-12-21,edgar/data/1005276/0001005276-22-000072.txt
IDT CORP,0001005731,10-K,2022-10-14,edgar/data/1005731/0001493152-22-028469.txt
"PURE BIOSCIENCE, INC.",0001006028,10-K,2022-10-28,edgar/data/1006028/0001493152-22-029844.txt
FACTSET RESEARCH SYSTEMS INC,0001013237,10-K,2022-10-21,edgar/data/1013237/0001013237-22-000159.txt
"Digerati Technologies, Inc.",0001014052,10-K,2022-10-31,edgar/data/1014052/0001213900-22-067679.txt
"Awaysis Capital, Inc.",0001021917,10-K,2022-11-04,edgar/data/1021917/0001493152-22-030675.txt
"SideChannel, Inc.",0001022505,10-K,2022-12-20,edgar/data/1022505/0001493152-22-036042.txt
"Simulations Plus, Inc.",0001023459,10-K,2022-10-28,edgar/data/1023459/0001023459-22-000080.txt
"ROCKWELL AUTOMATION, INC",0001024478,10-K,2022-11-08,edgar/data/1024478/0001024478-22-000093.txt
SONIC FOUNDRY INC,0001029744,10-K,2022-12-08,edgar/data/1029744/0001437749-22-028742.txt
"MAXIMUS, INC.",0001032220,10-K,2022-11-22,edgar/data/1032220/0001032220-22-000074.txt
VILLAGE SUPER MARKET INC,0000103595,10-K,2022-10-13,edgar/data/103595/0000103595-22-000019.txt
PRICESMART INC,0001041803,10-K,2022-10-31,edgar/data/1041803/0001041803-22-000041.txt
LIVE VENTURES Inc,0001045742,10-K,2022-12-16,edgar/data/1045742/0000950170-22-026675.txt
"Track Group, Inc.",0001045942,10-K,2022-12-16,edgar/data/1045942/0001851734-22-000738.txt
TIMBERLAND BANCORP INC,0001046050,10-K,2022-12-09,edgar/data/1046050/0000939057-22-000366.txt
"IES Holdings, Inc.",0001048268,10-K,2022-12-06,edgar/data/1048268/0001048268-22-000099.txt
"F5, INC.",0001048695,10-K,2022-11-15,edgar/data/1048695/0001048695-22-000033.txt
WD 40 CO,0000105132,10-K,2022-10-24,edgar/data/105132/0000105132-22-000038.txt
MARINEMAX INC,0001057060,10-K,2022-11-18,edgar/data/1057060/0000950170-22-025440.txt
PEREGRINE INDUSTRIES INC,0001061164,10-K,2022-10-31,edgar/data/1061164/0001477932-22-008034.txt
AS-IP TECH INC,0001067873,10-K,2022-10-12,edgar/data/1067873/0001393905-22-000407.txt
RGC RESOURCES INC,0001069533,10-K,2022-12-02,edgar/data/1069533/0001437749-22-028313.txt
YUMMIES INC,0001073748,10-K,2022-12-29,edgar/data/1073748/0001213900-22-083620.txt
"KNOW LABS, INC.",0001074828,10-K,2022-12-20,edgar/data/1074828/0001654954-22-016732.txt
WINNEBAGO INDUSTRIES INC,0000107687,10-K,2022-10-19,edgar/data/107687/0000107687-22-000024.txt
BECTON DICKINSON & CO,0000010795,10-K,2022-11-22,edgar/data/10795/0001628280-22-030686.txt
"VISIUM TECHNOLOGIES, INC.",0001082733,10-K,2022-10-04,edgar/data/1082733/0001654954-22-013289.txt
"Woodward, Inc.",0000108312,10-K,2022-11-18,edgar/data/108312/0001564590-22-038033.txt
"AGILENT TECHNOLOGIES, INC.",0001090872,10-K,2022-12-21,edgar/data/1090872/0001090872-22-000026.txt
"Spectrum Brands Holdings, Inc.",0000109177,10-K,2022-11-22,edgar/data/109177/0000109177-22-000034.txt
EDGEWELL PERSONAL CARE Co,0001096752,10-K,2022-11-16,edgar/data/1096752/0001096752-22-000033.txt
America Great Health,0001098009,10-K,2022-10-31,edgar/data/1098009/0001185185-22-001238.txt
DESTINY MEDIA TECHNOLOGIES INC,0001099369,10-K,2022-11-14,edgar/data/1099369/0001062993-22-021911.txt
"DELTA APPAREL, INC",0001101396,10-K,2022-11-21,edgar/data/1101396/0001437749-22-027827.txt
"Sonnet BioTherapeutics Holdings, Inc.",0001106838,10-K,2022-12-15,edgar/data/1106838/0001493152-22-035581.txt
FLASHZERO CORP.,0001106861,10-K,2022-11-21,edgar/data/1106861/0001683168-22-007923.txt
FLASHZERO CORP.,0001106861,10-K,2022-11-21,edgar/data/1106861/0001683168-22-007932.txt
"MODEL N, INC.",0001118417,10-K,2022-11-18,edgar/data/1118417/0001118417-22-000135.txt
SPIRE INC,0001126956,10-K,2022-11-16,edgar/data/1126956/0001437749-22-027522.txt
"Digital Brand Media & Marketing Group, Inc.",0001127475,10-K,2022-11-29,edgar/data/1127475/0001185185-22-001360.txt
NEVADA CLASSIC THOROUGHBREDS INC,0001128383,10-K,2022-10-17,edgar/data/1128383/0001128383-22-000010.txt
JANEL CORP,0001133062,10-K,2022-12-09,edgar/data/1133062/0001140361-22-045115.txt
CALAVO GROWERS INC,0001133470,10-K,2022-12-20,edgar/data/1133470/0001558370-22-018841.txt
AMERISOURCEBERGEN CORP,0001140859,10-K,2022-11-22,edgar/data/1140859/0001140859-22-000098.txt
GLADSTONE CAPITAL CORP,0001143513,10-K,2022-11-14,edgar/data/1143513/0001143513-22-000017.txt
ACUITY BRANDS INC,0001144215,10-K,2022-10-26,edgar/data/1144215/0001144215-22-000097.txt
HENNESSY ADVISORS INC,0001145255,10-K,2022-12-07,edgar/data/1145255/0001193125-22-300163.txt
"DUCK CREEK TECHNOLOGIES, INC.",0001160951,10-K,2022-10-28,edgar/data/1160951/0000950170-22-020470.txt
"NeuBase Therapeutics, Inc.",0001173281,10-K,2022-12-21,edgar/data/1173281/0001410578-22-003576.txt
ENANTA PHARMACEUTICALS INC,0001177648,10-K,2022-11-23,edgar/data/1177648/0000950170-22-025667.txt
SPDR GOLD TRUST,0001222333,10-K,2022-11-23,edgar/data/1222333/0001193125-22-291881.txt
COMPASS MINERALS INTERNATIONAL INC,0001227654,10-K,2022-12-14,edgar/data/1227654/0001227654-22-000340.txt
Cyber Apps World,0001230524,10-K,2022-10-06,edgar/data/1230524/0001575705-22-000689.txt
"Astra Energy, Inc.",0001231339,10-K,2022-12-14,edgar/data/1231339/0001477932-22-009290.txt
LIQUIDITY SERVICES INC,0001235468,10-K,2022-12-08,edgar/data/1235468/0001235468-22-000142.txt
TransDigm Group INC,0001260221,10-K,2022-11-10,edgar/data/1260221/0001260221-22-000065.txt
UNIVERSAL TECHNICAL INSTITUTE INC,0001261654,10-K,2022-12-12,edgar/data/1261654/0001261654-22-000105.txt
ALL FOR ONE MEDIA CORP.,0001286459,10-K,2022-12-29,edgar/data/1286459/0001477932-22-009557.txt
Timberline Resources Corp,0001288750,10-K,2022-12-29,edgar/data/1288750/0001654954-22-017031.txt
"PARKS AMERICA, INC",0001297937,10-K,2022-12-15,edgar/data/1297937/0001493152-22-035579.txt
"SmartMetric, Inc.",0001301991,10-K,2022-10-14,edgar/data/1301991/0001829126-22-017944.txt
"Dolby Laboratories, Inc.",0001308547,10-K,2022-11-18,edgar/data/1308547/0001628280-22-030390.txt
ANAVEX LIFE SCIENCES CORP.,0001314052,10-K,2022-11-28,edgar/data/1314052/0001731122-22-002062.txt
Sonos Inc,0001314727,10-K,2022-11-23,edgar/data/1314727/0000950170-22-025663.txt
"Statera Biopharma, Inc.",0001318641,10-K,2022-10-06,edgar/data/1318641/0001437749-22-023703.txt
Warner Music Group Corp.,0001319161,10-K,2022-11-22,edgar/data/1319161/0001319161-22-000035.txt
"INNOVATIVE MEDTECH, INC.",0001331612,10-K,2022-10-13,edgar/data/1331612/0001477932-22-007620.txt
SemiLEDs Corp,0001333822,10-K,2022-11-08,edgar/data/1333822/0000950170-22-022841.txt
"Magyar Bancorp, Inc.",0001337068,10-K,2022-12-22,edgar/data/1337068/0001174947-22-001281.txt
"GULFSLOPE ENERGY, INC.",0001341726,10-K,2022-12-29,edgar/data/1341726/0001839882-22-030611.txt
Limoneira CO,0001342423,10-K,2022-12-22,edgar/data/1342423/0001342423-22-000038.txt
WORLDWIDE STRATEGIES INC,0001342792,10-K,2022-10-31,edgar/data/1342792/0001683168-22-007155.txt
CNBX Pharmaceuticals Inc.,0001343009,10-K,2022-11-30,edgar/data/1343009/0001683168-22-008095.txt
Enertopia Corp.,0001346022,10-K,2022-11-29,edgar/data/1346022/0001062993-22-022865.txt
Lexaria Bioscience Corp.,0001348362,10-K,2022-11-28,edgar/data/1348362/0001640334-22-002512.txt
"Mueller Water Products, Inc.",0001350593,10-K,2022-11-18,edgar/data/1350593/0001350593-22-000061.txt
Cardinal Ethanol LLC,0001352081,10-K,2022-12-01,edgar/data/1352081/0001352081-22-000038.txt
Energy Services of America CORP,0001357971,10-K,2022-12-22,edgar/data/1357971/0001410578-22-003581.txt
"RED TRAIL ENERGY, LLC",0001359687,10-K,2022-12-29,edgar/data/1359687/0001359687-22-000020.txt
"Cleartronic, Inc.",0001362516,10-K,2022-12-29,edgar/data/1362516/0001091818-22-000187.txt
"THERALINK TECHNOLOGIES, INC.",0001362703,10-K,2022-12-29,edgar/data/1362703/0001493152-22-036824.txt
W&E Source Corp.,0001368275,10-K,2022-10-13,edgar/data/1368275/0001062993-22-020762.txt
"Sally Beauty Holdings, Inc.",0001368458,10-K,2022-11-17,edgar/data/1368458/0001564590-22-037949.txt
Petrolia Energy Corp,0001368637,10-K,2022-12-09,edgar/data/1368637/0001493152-22-035022.txt
"FITLIFE BRANDS, INC.",0001374328,10-K,2022-10-13,edgar/data/1374328/0001851734-22-000612.txt
"Luvu Brands, Inc.",0001374567,10-K,2022-10-14,edgar/data/1374567/0001654954-22-013718.txt
Kingfish Holding Corp,0001374881,10-K,2022-12-30,edgar/data/1374881/0001477932-22-009583.txt
"Cavitation Technologies, Inc.",0001376793,10-K,2022-10-13,edgar/data/1376793/0001683168-22-006887.txt
Tennessee Valley Authority,0001376986,10-K,2022-11-15,edgar/data/1376986/0001376986-22-000023.txt
"Bridgeline Digital, Inc.",0001378590,10-K,2022-12-21,edgar/data/1378590/0001437749-22-029477.txt
"BERRY GLOBAL GROUP, INC.",0001378992,10-K,2022-11-18,edgar/data/1378992/0001140361-22-042319.txt
"NANOVIRICIDES, INC.",0001379006,10-K,2022-10-13,edgar/data/1379006/0001410578-22-002878.txt
TFS Financial CORP,0001381668,10-K,2022-11-22,edgar/data/1381668/0001381668-22-000128.txt
"ESSA Bancorp, Inc.",0001382230,10-K,2022-12-14,edgar/data/1382230/0001564590-22-039339.txt
PENNANTPARK INVESTMENT CORP,0001383414,10-K,2022-11-17,edgar/data/1383414/0000950170-22-025352.txt
TE Connectivity Ltd.,0001385157,10-K,2022-11-15,edgar/data/1385157/0001558370-22-017931.txt
Snoogoo Corp.,0001387998,10-K,2022-10-21,edgar/data/1387998/0001096906-22-002527.txt
Snoogoo Corp.,0001387998,10-K,2022-10-21,edgar/data/1387998/0001096906-22-002528.txt
Snoogoo Corp.,0001387998,10-K,2022-10-21,edgar/data/1387998/0001096906-22-002529.txt
Snoogoo Corp.,0001387998,10-K,2022-10-21,edgar/data/1387998/0001096906-22-002530.txt
Snoogoo Corp.,0001387998,10-K,2022-10-21,edgar/data/1387998/0001096906-22-002531.txt
Optex Systems Holdings Inc,0001397016,10-K,2022-12-19,edgar/data/1397016/0001493152-22-035871.txt
VISA INC.,0001403161,10-K,2022-11-16,edgar/data/1403161/0001403161-22-000081.txt
"THC Therapeutics, Inc.",0001404935,10-K,2022-11-25,edgar/data/1404935/0001477932-22-008875.txt
Forestar Group Inc.,0001406587,10-K,2022-11-17,edgar/data/1406587/0001406587-22-000128.txt
"HIMALAYA TECHNOLOGIES, INC",0001409624,10-K,2022-11-22,edgar/data/1409624/0001493152-22-033242.txt
Voip-pal.com Inc,0001410738,10-K,2022-12-28,edgar/data/1410738/0001493152-22-036629.txt
Concrete Leveling Systems Inc,0001414382,10-K,2022-10-28,edgar/data/1414382/0001477932-22-008016.txt
Oaktree Specialty Lending Corp,0001414932,10-K,2022-11-15,edgar/data/1414932/0001414932-22-000016.txt
NORTHERN MINERALS & EXPLORATION LTD.,0001415744,10-K,2022-10-31,edgar/data/1415744/0001654954-22-014390.txt
"Hillenbrand, Inc.",0001417398,10-K,2022-11-16,edgar/data/1417398/0001417398-22-000034.txt
"iBio, Inc.",0001420720,10-K,2022-10-11,edgar/data/1420720/0001420720-22-000064.txt
Quanex Building Products CORP,0001423221,10-K,2022-12-16,edgar/data/1423221/0001423221-22-000014.txt
"SOUTHWEST IOWA RENEWABLE ENERGY, LLC",0001424844,10-K,2022-12-09,edgar/data/1424844/0001437749-22-028804.txt
Rise Gold Corp.,0001424864,10-K,2022-10-31,edgar/data/1424864/0001062993-22-021269.txt
"Telco Cuba, Inc.",0001427644,10-K,2022-11-03,edgar/data/1427644/0001099910-22-000217.txt
"Trutankless, Inc.",0001429393,10-K,2022-11-28,edgar/data/1429393/0001477932-22-008922.txt
CEMTREX INC,0001435064,10-K,2022-12-28,edgar/data/1435064/0001493152-22-036671.txt
Discovery Energy Corp.,0001435387,10-K,2022-12-06,edgar/data/1435387/0001493152-22-034621.txt
"First Savings Financial Group, Inc.",0001435508,10-K,2022-12-14,edgar/data/1435508/0001410578-22-003562.txt
AREM PACIFIC Corp,0001435812,10-K,2022-11-21,edgar/data/1435812/0001010412-22-000042.txt
T-REX Acquisition Corp.,0001437750,10-K,2022-10-17,edgar/data/1437750/0001477932-22-007727.txt
Quality Online Education Group Inc.,0001439237,10-K,2022-11-22,edgar/data/1439237/0001829126-22-019464.txt
"Bakhu Holdings, Corp.",0001440153,10-K,2022-11-07,edgar/data/1440153/0001096906-22-002650.txt
Healing Co Inc.,0001441082,10-K,2022-10-12,edgar/data/1441082/0001477932-22-007571.txt
"WEARABLE HEALTH SOLUTIONS, INC.",0001443089,10-K,2022-10-13,edgar/data/1443089/0001683168-22-006881.txt
ONCOSEC MEDICAL Inc,0001444307,10-K,2022-10-31,edgar/data/1444307/0001493152-22-029990.txt
Texas Mineral Resources Corp.,0001445942,10-K,2022-11-29,edgar/data/1445942/0001387131-22-011962.txt
"ESPORTS ENTERTAINMENT GROUP, INC.",0001451448,10-K,2022-10-13,edgar/data/1451448/0001493152-22-028366.txt
"PEAK PHARMACEUTICALS, INC.",0001452804,10-K,2022-12-19,edgar/data/1452804/0001199835-22-000806.txt
"PEAK PHARMACEUTICALS, INC.",0001452804,10-K,2022-12-19,edgar/data/1452804/0001199835-22-000814.txt
"PEAK PHARMACEUTICALS, INC.",0001452804,10-K,2022-12-19,edgar/data/1452804/0001199835-22-000822.txt
"PEAK PHARMACEUTICALS, INC.",0001452804,10-K,2022-12-19,edgar/data/1452804/0001199835-22-000830.txt
"PEAK PHARMACEUTICALS, INC.",0001452804,10-K,2022-12-19,edgar/data/1452804/0001199835-22-000838.txt
Accenture plc,0001467373,10-K,2022-10-12,edgar/data/1467373/0001467373-22-000295.txt
"Kashin, Inc.",0001467845,10-K,2022-12-15,edgar/data/1467845/0001683168-22-008449.txt
"Wall Street Media Co, Inc.",0001473490,10-K,2022-12-19,edgar/data/1473490/0001493152-22-035833.txt
"GOLUB CAPITAL BDC, Inc.",0001476765,10-K,2022-11-21,edgar/data/1476765/0001476765-22-000103.txt
"SUNHYDROGEN, INC.",0001481028,10-K,2022-10-07,edgar/data/1481028/0001213900-22-062803.txt
"XERIANT, INC.",0001481504,10-K,2022-10-13,edgar/data/1481504/0001477932-22-007622.txt
Hartford Great Health Corp.,0001482554,10-K,2022-11-14,edgar/data/1482554/0001493152-22-031843.txt
PhenixFIN Corp,0001490349,10-K,2022-12-16,edgar/data/1490349/0001213900-22-080281.txt
"Capitol Federal Financial, Inc.",0001490906,10-K,2022-11-23,edgar/data/1490906/0001490906-22-000038.txt
"FLYWHEEL ADVANCED TECHNOLOGY, INC.",0001492617,10-K,2022-12-28,edgar/data/1492617/0001493152-22-036631.txt
"MACOM Technology Solutions Holdings, Inc.",0001493594,10-K,2022-11-14,edgar/data/1493594/0001493594-22-000047.txt
NEUROONE MEDICAL TECHNOLOGIES Corp,0001500198,10-K,2022-12-22,edgar/data/1500198/0001213900-22-081897.txt
Kun Peng International Ltd.,0001502557,10-K,2022-12-29,edgar/data/1502557/0001493152-22-036792.txt
"Point of Care Nano-Technology, Inc.",0001504239,10-K,2022-10-25,edgar/data/1504239/0001199835-22-000608.txt
PennantPark Floating Rate Capital Ltd.,0001504619,10-K,2022-11-17,edgar/data/1504619/0000950170-22-025351.txt
"Citius Pharmaceuticals, Inc.",0001506251,10-K,2022-12-22,edgar/data/1506251/0001213900-22-082217.txt
"VERDE RESOURCES, INC.",0001506929,10-K,2022-11-04,edgar/data/1506929/0001640334-22-002348.txt
"AmeriCann, Inc.",0001508348,10-K,2022-12-29,edgar/data/1508348/0001437749-22-029891.txt
"MOJO DATA SOLUTIONS, INC.",0001523486,10-K,2022-10-17,edgar/data/1523486/0001493152-22-028579.txt
"MOJO DATA SOLUTIONS, INC.",0001523486,10-K,2022-10-17,edgar/data/1523486/0001493152-22-028585.txt
Thunder Energies Corp,0001524872,10-K,2022-10-18,edgar/data/1524872/0001683168-22-006938.txt
First America Resources Corp,0001525306,10-K,2022-10-13,edgar/data/1525306/0001477932-22-007605.txt
"NuZee, Inc.",0001527613,10-K,2022-12-23,edgar/data/1527613/0001493152-22-036487.txt
"Post Holdings, Inc.",0001530950,10-K,2022-11-17,edgar/data/1530950/0001530950-22-000375.txt
VIRTUAL INTERACTIVE TECHNOLOGIES CORP.,0001536089,10-K,2022-12-29,edgar/data/1536089/0001493152-22-036777.txt
"Arch Therapeutics, Inc.",0001537561,10-K,2022-12-28,edgar/data/1537561/0001851734-22-000752.txt
"SRAX, Inc.",0001538217,10-K,2022-10-12,edgar/data/1538217/0001493152-22-028254.txt
RAYONT INC.,0001539778,10-K,2022-12-29,edgar/data/1539778/0001493152-22-036734.txt
"Edesa Biotech, Inc.",0001540159,10-K,2022-12-16,edgar/data/1540159/0001654954-22-016633.txt
"Natural Grocers by Vitamin Cottage, Inc.",0001547459,10-K,2022-12-08,edgar/data/1547459/0001437749-22-028744.txt
"MALVERN BANCORP, INC.",0001550603,10-K,2022-12-27,edgar/data/1550603/0001437749-22-029790.txt
iMine Corp,0001556801,10-K,2022-11-01,edgar/data/1556801/0001640334-22-002318.txt
"Tianci International, Inc.",0001557798,10-K,2022-10-31,edgar/data/1557798/0001683168-22-007135.txt
Allied Corp.,0001575295,10-K,2022-12-14,edgar/data/1575295/0001477932-22-009283.txt
Twist Bioscience Corp,0001581280,10-K,2022-11-28,edgar/data/1581280/0001628280-22-030817.txt
Aramark,0001584509,10-K,2022-11-22,edgar/data/1584509/0001584509-22-000236.txt
Regen BioPharma Inc,0001589150,10-K,2022-11-15,edgar/data/1589150/0001607062-22-000694.txt
Blue Bird Corp,0001589526,10-K,2022-12-12,edgar/data/1589526/0001589526-22-000091.txt
"SB/RH Holdings, LLC",0001592706,10-K,2022-11-22,edgar/data/1592706/0000109177-22-000034.txt
ZHRH Corp,0001594114,10-K,2022-10-11,edgar/data/1594114/0001520138-22-000452.txt
Global Wholehealth Partners Corp,0001598308,10-K,2022-10-17,edgar/data/1598308/0001829126-22-017978.txt
"Keysight Technologies, Inc.",0001601046,10-K,2022-12-15,edgar/data/1601046/0001601046-22-000161.txt
FRONTERA GROUP INC.,0001602813,10-K,2022-10-05,edgar/data/1602813/0001549727-22-000089.txt
CABOT CORP,0000016040,10-K,2022-11-23,edgar/data/16040/0001564590-22-038228.txt
Evoqua Water Technologies Corp.,0001604643,10-K,2022-11-16,edgar/data/1604643/0001604643-22-000124.txt
AB INTERNATIONAL GROUP CORP.,0001605331,10-K,2022-12-08,edgar/data/1605331/0001663577-22-000689.txt
"Outdoor Specialty Products, Inc.",0001610718,10-K,2022-12-21,edgar/data/1610718/0001213900-22-081765.txt
BriaCell Therapeutics Corp.,0001610820,10-K,2022-10-28,edgar/data/1610820/0001493152-22-029742.txt
Star Alliance International Corp.,0001614556,10-K,2022-11-22,edgar/data/1614556/0001683168-22-007985.txt
"SMART Global Holdings, Inc.",0001616533,10-K,2022-10-14,edgar/data/1616533/0001628280-22-026409.txt
"PATRIOT TRANSPORTATION HOLDING, INC.",0001616741,10-K,2022-12-09,edgar/data/1616741/0001616741-22-000044.txt
World Gold Trust,0001618181,10-K,2022-11-23,edgar/data/1618181/0001193125-22-291886.txt
"Walgreens Boots Alliance, Inc.",0001618921,10-K,2022-10-13,edgar/data/1618921/0001618921-22-000064.txt
"Odyssey Health, Inc.",0001626644,10-K,2022-10-31,edgar/data/1626644/0001683168-22-007161.txt
VISIBER57 CORP.,0001627041,10-K,2022-12-16,edgar/data/1627041/0001493152-22-035659.txt
Innovation1 Biotech Inc.,0001629205,10-K,2022-12-15,edgar/data/1629205/0001477932-22-009309.txt
Paramount Gold Nevada Corp.,0001629210,10-K,2022-10-13,edgar/data/1629210/0000950170-22-019552.txt
"ENERGIZER HOLDINGS, INC.",0001632790,10-K,2022-11-15,edgar/data/1632790/0001632790-22-000091.txt
ESSA Pharma Inc.,0001633932,10-K,2022-12-13,edgar/data/1633932/0001558370-22-018570.txt
FUSE GROUP HOLDING INC.,0001636051,10-K,2022-12-29,edgar/data/1636051/0001185185-22-001464.txt
SEGUIN NATURAL HAIR PRODUCTS INC.,0001642363,10-K,2022-12-12,edgar/data/1642363/0001214659-22-014790.txt
SEGUIN NATURAL HAIR PRODUCTS INC.,0001642363,10-K,2022-12-13,edgar/data/1642363/0001214659-22-014794.txt
"Loop Media, Inc.",0001643988,10-K,2022-12-20,edgar/data/1643988/0001558370-22-018824.txt
RMR GROUP INC.,0001644378,10-K,2022-11-14,edgar/data/1644378/0001644378-22-000047.txt
"cbdMD, Inc.",0001644903,10-K,2022-12-15,edgar/data/1644903/0001437749-22-029136.txt
Hewlett Packard Enterprise Co,0001645590,10-K,2022-12-08,edgar/data/1645590/0001645590-22-000071.txt
"Outlook Therapeutics, Inc.",0001649989,10-K,2022-12-29,edgar/data/1649989/0001558370-22-019036.txt
"Ajia Innogroup Holdings, Ltd.",0001650739,10-K,2022-10-13,edgar/data/1650739/0001477932-22-007608.txt
"BorrowMoney.com, Inc.",0001656501,10-K,2022-11-28,edgar/data/1656501/0001493152-22-033788.txt
"OS Support, Inc.",0001658520,10-K,2022-11-18,edgar/data/1658520/0001477932-22-008704.txt
Fellazo Corp,0001659207,10-K,2022-12-13,edgar/data/1659207/0001640334-22-002627.txt
Atkore Inc.,0001666138,10-K,2022-11-18,edgar/data/1666138/0001666138-22-000128.txt
"Zedge, Inc.",0001667313,10-K,2022-11-14,edgar/data/1667313/0001213900-22-072153.txt
GSG GROUP INC.,0001668523,10-K,2022-10-05,edgar/data/1668523/0001640334-22-002167.txt
Adient plc,0001670541,10-K,2022-11-22,edgar/data/1670541/0001670541-22-000118.txt
ASHLAND INC.,0001674862,10-K,2022-11-21,edgar/data/1674862/0000950170-22-025539.txt
VALVOLINE INC,0001674910,10-K,2022-11-23,edgar/data/1674910/0001674910-22-000135.txt
"ShiftPixy, Inc.",0001675634,10-K,2022-12-13,edgar/data/1675634/0001628280-22-031761.txt
"AVRA Medical Robotics, Inc.",0001676163,10-K,2022-11-04,edgar/data/1676163/0001213900-22-069119.txt
OMNIA WELLNESS INC.,0001676852,10-K,2022-10-17,edgar/data/1676852/0001493152-22-028595.txt
Caro Holdings Inc.,0001678105,10-K,2022-10-17,edgar/data/1678105/0001640334-22-002242.txt
CANNABIS SUISSE CORP.,0001680132,10-K,2022-11-23,edgar/data/1680132/0001393905-22-000475.txt
China King Spirit Group Ltd.,0001680237,10-K,2022-10-20,edgar/data/1680237/0001477932-22-007812.txt
China King Spirit Group Ltd.,0001680237,10-K,2022-11-15,edgar/data/1680237/0001477932-22-008624.txt
Varex Imaging Corp,0001681622,10-K,2022-11-18,edgar/data/1681622/0001681622-22-000091.txt
Clancy Corp,0001681769,10-K,2022-10-31,edgar/data/1681769/0001520138-22-000483.txt
Forza Innovations Inc,0001683131,10-K,2022-10-13,edgar/data/1683131/0001607062-22-000621.txt
TOKEN COMMUNITIES LTD.,0001683252,10-K,2022-10-13,edgar/data/1683252/0001213900-22-063699.txt
"REV Group, Inc.",0001687221,10-K,2022-12-14,edgar/data/1687221/0000950170-22-026493.txt
KINETIC GROUP INC.,0001696195,10-K,2022-11-14,edgar/data/1696195/0001477932-22-008397.txt
EvoAir Holdings Inc.,0001700844,10-K,2022-12-14,edgar/data/1700844/0001493152-22-035443.txt
Simply Good Foods Co,0001702744,10-K,2022-10-21,edgar/data/1702744/0001702744-22-000073.txt
"Rafael Holdings, Inc.",0001713863,10-K,2022-10-31,edgar/data/1713863/0001213900-22-067711.txt
"Golub Capital BDC 3, Inc.",0001715268,10-K,2022-12-02,edgar/data/1715268/0001715268-22-000057.txt
Leader Capital Holdings Corp.,0001715433,10-K,2022-12-14,edgar/data/1715433/0001493152-22-035440.txt
"Construction Partners, Inc.",0001718227,10-K,2022-11-22,edgar/data/1718227/0001718227-22-000103.txt
HOOPS SCOUTING USA,0001721056,10-K,2022-10-11,edgar/data/1721056/0001477932-22-007514.txt
"i3 Verticals, Inc.",0001728688,10-K,2022-11-18,edgar/data/1728688/0001728688-22-000061.txt
Broadcom Inc.,0001730168,10-K,2022-12-16,edgar/data/1730168/0001730168-22-000118.txt
WestRock Co,0001732845,10-K,2022-11-18,edgar/data/1732845/0000950170-22-025444.txt
"BrightView Holdings, Inc.",0001734713,10-K,2022-11-17,edgar/data/1734713/0000950170-22-025340.txt
"BANGFU TECHNOLOGY GROUP CO., LTD.",0001741257,10-K,2022-10-07,edgar/data/1741257/0001731122-22-001723.txt
"Oaktree Strategic Income II, Inc.",0001744179,10-K,2022-12-14,edgar/data/1744179/0001744179-22-000017.txt
Walt Disney Co,0001744489,10-K,2022-11-29,edgar/data/1744489/0001744489-22-000213.txt
MU GLOBAL HOLDING Ltd,0001746119,10-K,2022-10-31,edgar/data/1746119/0001493152-22-029911.txt
BIOPLUS LIFE CORP.,0001746214,10-K,2022-11-28,edgar/data/1746214/0001493152-22-033768.txt
Grayscale Horizen Trust (ZEN),0001748945,10-K,2022-11-21,edgar/data/1748945/0000950170-22-025467.txt
"Hawkeye Systems, Inc.",0001750777,10-K,2022-12-14,edgar/data/1750777/0001477932-22-009275.txt
"Shengda Network Technology, Inc.",0001753931,10-K,2022-10-28,edgar/data/1753931/0001493152-22-029892.txt
ATIF Holdings Ltd,0001755058,10-K,2022-11-02,edgar/data/1755058/0001213900-22-068638.txt
APPlife Digital Solutions Inc,0001755101,10-K,2022-10-07,edgar/data/1755101/0001096906-22-002455.txt
Grayscale Stellar Lumens Trust (XLM),0001761325,10-K,2022-11-21,edgar/data/1761325/0000950170-22-025468.txt
Pacific Sports Exchange Inc.,0001765651,10-K,2022-11-30,edgar/data/1765651/0001640334-22-002527.txt
Cerence Inc.,0001768267,10-K,2022-11-29,edgar/data/1768267/0000950170-22-025785.txt
"BELLRING BRANDS, INC.",0001772016,10-K,2022-11-17,edgar/data/1772016/0001772016-22-000061.txt
"KURA SUSHI USA, INC.",0001772177,10-K,2022-11-10,edgar/data/1772177/0000950170-22-024540.txt
OneWater Marine Inc.,0001772921,10-K,2022-12-15,edgar/data/1772921/0001140361-22-045699.txt
AZEK Co Inc.,0001782754,10-K,2022-11-29,edgar/data/1782754/0001564590-22-038518.txt
Nowtransit Inc,0001784440,10-K,2022-11-01,edgar/data/1784440/0001185185-22-001245.txt
Phoenix Plus Corp.,0001785493,10-K,2022-10-28,edgar/data/1785493/0001493152-22-029798.txt
QLY Biotech Group Corp.,0001787123,10-K,2022-12-14,edgar/data/1787123/0001477932-22-009289.txt
"Mission Produce, Inc.",0001802974,10-K,2022-12-22,edgar/data/1802974/0001802974-22-000050.txt
"Tego Cyber, Inc.",0001815632,10-K,2022-11-14,edgar/data/1815632/0001654954-22-015167.txt
"Leslie's, Inc.",0001821806,10-K,2022-11-30,edgar/data/1821806/0000950170-22-025883.txt
Streetex Corp.,0001822372,10-K,2022-10-14,edgar/data/1822372/0001822372-22-000013.txt
Medicale Corp.,0001827855,10-K,2022-12-02,edgar/data/1827855/0001683168-22-008165.txt
"Hanover Bancorp, Inc. /NY",0001828588,10-K,2022-12-23,edgar/data/1828588/0001558370-22-018947.txt
"BITMINE IMMERSION TECHNOLOGIES, INC.",0001829311,10-K,2022-12-09,edgar/data/1829311/0001683168-22-008295.txt
Far Peak Acquisition Corp,0001829426,10-K,2022-12-12,edgar/data/1829426/0001193125-22-302790.txt
KeyStar Corp.,0001832161,10-K,2022-10-13,edgar/data/1832161/0001393905-22-000412.txt
P3 Health Partners Inc.,0001832511,10-K,2022-10-21,edgar/data/1832511/0001558370-22-015154.txt
Northern Star Investment Corp. IV,0001835814,10-K,2022-12-22,edgar/data/1835814/0001213900-22-082188.txt
Northern Star Investment Corp. III,0001835817,10-K,2022-12-22,edgar/data/1835817/0001213900-22-082193.txt
Symbotic Inc.,0001837240,10-K,2022-12-09,edgar/data/1837240/0001837240-22-000049.txt
Limitless Projects Inc.,0001842167,10-K,2022-10-31,edgar/data/1842167/0001903596-22-000699.txt
"Drax, Industries Inc.",0001844519,10-K,2022-10-26,edgar/data/1844519/0001079973-22-001353.txt
Armada Acquisition Corp. I,0001844817,10-K,2022-12-22,edgar/data/1844817/0001193125-22-310302.txt
Gesher I Acquisition Corp.,0001853314,10-K,2022-12-29,edgar/data/1853314/0001213900-22-083609.txt
Weber Inc.,0001857951,10-K,2022-12-14,edgar/data/1857951/0001628280-22-031889.txt
Privacy & Value Inc.,0001860173,10-K,2022-10-31,edgar/data/1860173/0001903596-22-000701.txt
Kairous Acquisition Corp. Ltd,0001865468,10-K,2022-10-13,edgar/data/1865468/0001493152-22-028332.txt
GOLUB CAPITAL DIRECT LENDING CORP,0001868878,10-K,2022-12-06,edgar/data/1868878/0001868878-22-000078.txt
"Fluence Energy, Inc.",0001868941,10-K,2022-12-14,edgar/data/1868941/0001868941-22-000120.txt
Galaxy Enterprises Inc. /WY/,0001871890,10-K,2022-10-31,edgar/data/1871890/0001903596-22-000695.txt
Oaktree Strategic Credit Fund,0001872371,10-K,2022-12-14,edgar/data/1872371/0001872371-22-000018.txt
Embecta Corp.,0001872789,10-K,2022-12-22,edgar/data/1872789/0001872789-22-000024.txt
Birdie Win Corp,0001873213,10-K,2022-10-11,edgar/data/1873213/0001493152-22-028024.txt
"Victoria Lake, Inc.",0001874440,10-K,2022-12-15,edgar/data/1874440/0001096906-22-002980.txt
"AG Acquisition Group III, Inc.",0001874999,10-K,2022-10-11,edgar/data/1874999/0001493152-22-028039.txt
"Entertainment Holdings, Inc./OK",0001875746,10-K,2022-12-16,edgar/data/1875746/0001096906-22-002999.txt
VMG Consumer Acquisition Corp.,0001875943,10-K,2022-12-22,edgar/data/1875943/0001564590-22-039627.txt
"Myson, Inc.",0001879293,10-K,2022-10-28,edgar/data/1879293/0001493152-22-029818.txt
"Perfect Solutions Group, Inc.",0001880249,10-K,2022-10-28,edgar/data/1880249/0001599916-22-000274.txt
Arisz Acquisition Corp.,0001882078,10-K,2022-12-07,edgar/data/1882078/0001213900-22-078029.txt
"GPL Holdings, Inc.",0001883083,10-K,2022-11-14,edgar/data/1883083/0001599916-22-000303.txt
Jupiter Wellness Acquisition Corp.,0001883799,10-K,2022-12-30,edgar/data/1883799/0001493152-22-037163.txt
PLASMA INNOVATIVE INC.,0001883835,10-K,2022-11-17,edgar/data/1883835/0001520138-22-000523.txt
Tofla Megaline Inc.,0001885849,10-K,2022-10-31,edgar/data/1885849/0001885849-22-000015.txt
Welsis Corp.,0001887912,10-K,2022-11-30,edgar/data/1887912/0001683168-22-008108.txt
"Ultimate Holdings Group, Inc.",0001888846,10-K,2022-10-03,edgar/data/1888846/0001599916-22-000255.txt
Longduoduo Co Ltd,0001892316,10-K,2022-10-13,edgar/data/1892316/0001213900-22-063656.txt
TANICO Inc.,0001895939,10-K,2022-12-23,edgar/data/1895939/0001477932-22-009520.txt
Golub Capital Direct Lending Unlevered Corp,0001901606,10-K,2022-12-12,edgar/data/1901606/0001901606-22-000057.txt
"Golub Capital BDC 4, Inc.",0001901612,10-K,2022-12-08,edgar/data/1901612/0001901612-22-000073.txt
TREASURE GLOBAL INC,0001905956,10-K,2022-12-05,edgar/data/1905956/0001575872-22-001246.txt
PISMO COAST VILLAGE INC,0000216877,10-K,2022-12-15,edgar/data/216877/0001513162-22-000144.txt
COMMERCIAL METALS Co,0000022444,10-K,2022-10-13,edgar/data/22444/0000022444-22-000140.txt
PURE CYCLE CORP,0000276720,10-K,2022-11-14,edgar/data/276720/0001558370-22-017799.txt
DEERE JOHN CAPITAL CORP,0000027673,10-K,2022-12-15,edgar/data/27673/0001558370-22-018706.txt
"Air Products & Chemicals, Inc.",0000002969,10-K,2022-11-22,edgar/data/2969/0000002969-22-000054.txt
SPIRE ALABAMA INC,0000003146,10-K,2022-11-16,edgar/data/3146/0001437749-22-027522.txt
PHX MINERALS INC.,0000315131,10-K,2022-12-13,edgar/data/315131/0000950170-22-026464.txt
DEERE & CO,0000315189,10-K,2022-12-15,edgar/data/315189/0001558370-22-018703.txt
ENZO BIOCHEM INC,0000316253,10-K,2022-10-14,edgar/data/316253/0001213900-22-064086.txt
Apple Inc.,0000320193,10-K,2022-10-28,edgar/data/320193/0000320193-22-000108.txt
EMERSON ELECTRIC CO,0000032604,10-K,2022-11-14,edgar/data/32604/0000032604-22-000041.txt
"ALICO, INC.",0000003545,10-K,2022-12-13,edgar/data/3545/0000950170-22-026459.txt
CSP INC /MA/,0000356037,10-K,2022-12-08,edgar/data/356037/0000356037-22-000036.txt
NEW JERSEY RESOURCES CORP,0000356309,10-K,2022-11-17,edgar/data/356309/0000356309-22-000098.txt
HOVNANIAN ENTERPRISES INC,0000357294,10-K,2022-12-19,edgar/data/357294/0001437749-22-029364.txt
"Forward Industries, Inc.",0000038264,10-K,2022-12-16,edgar/data/38264/0001683168-22-008471.txt
FRANKLIN RESOURCES INC,0000038777,10-K,2022-11-14,edgar/data/38777/0000038777-22-000198.txt
GEE Group Inc.,0000040570,10-K,2022-12-20,edgar/data/40570/0001477932-22-009439.txt
"SKYWORKS SOLUTIONS, INC.",0000004127,10-K,2022-11-23,edgar/data/4127/0000004127-22-000038.txt
"GREIF, INC",0000043920,10-K,2022-12-16,edgar/data/43920/0000043920-22-000087.txt
HEICO CORP,0000046619,10-K,2022-12-21,edgar/data/46619/0000046619-22-000066.txt
"Helmerich & Payne, Inc.",0000046765,10-K,2022-11-17,edgar/data/46765/0000046765-22-000070.txt
HP INC,0000047217,10-K,2022-12-06,edgar/data/47217/0000047217-22-000068.txt
HORMEL FOODS CORP /DE/,0000048465,10-K,2022-12-06,edgar/data/48465/0000048465-22-000051.txt
INGLES MARKETS INC,0000050493,10-K,2022-11-23,edgar/data/50493/0000050493-22-000018.txt
GRIFFON CORP,0000050725,10-K,2022-11-18,edgar/data/50725/0000050725-22-000090.txt
JACOBS SOLUTIONS INC.,0000052988,10-K,2022-11-21,edgar/data/52988/0000052988-22-000111.txt
MAYS J W INC,0000054187,10-K,2022-10-20,edgar/data/54187/0001206774-22-002558.txt
KULICKE & SOFFA INDUSTRIES INC,0000056978,10-K,2022-11-17,edgar/data/56978/0000056978-22-000136.txt
SPIRE MISSOURI INC,0000057183,10-K,2022-11-16,edgar/data/57183/0001437749-22-027522.txt
ANALOG DEVICES INC,0000006281,10-K,2022-11-22,edgar/data/6281/0000006281-22-000250.txt
MATTHEWS INTERNATIONAL CORP,0000063296,10-K,2022-11-18,edgar/data/63296/0000063296-22-000099.txt
GENCOR INDUSTRIES INC,0000064472,10-K,2022-12-16,edgar/data/64472/0001193125-22-306498.txt
MOOG INC.,0000067887,10-K,2022-11-14,edgar/data/67887/0000067887-22-000089.txt
APPLIED MATERIALS INC /DE,0000006951,10-K,2022-12-16,edgar/data/6951/0000006951-22-000043.txt
ENERPAC TOOL GROUP CORP,0000006955,10-K,2022-10-25,edgar/data/6955/0000006955-22-000031.txt
NATIONAL FUEL GAS CO,0000070145,10-K,2022-11-18,edgar/data/70145/0000070145-22-000034.txt
"COOPER COMPANIES, INC.",0000711404,10-K,2022-12-09,edgar/data/711404/0000711404-22-000053.txt
UNIFIRST CORP,0000717954,10-K,2022-10-26,edgar/data/717954/0000950170-22-020172.txt
RAYMOND JAMES FINANCIAL INC,0000720005,10-K,2022-11-22,edgar/data/720005/0000720005-22-000066.txt
AMTECH SYSTEMS INC,0000720500,10-K,2022-11-30,edgar/data/720500/0000950170-22-025872.txt
NON INVASIVE MONITORING SYSTEMS INC /FL/,0000720762,10-K,2022-10-28,edgar/data/720762/0001493152-22-029873.txt
MICRON TECHNOLOGY INC,0000723125,10-K,2022-10-07,edgar/data/723125/0000723125-22-000048.txt
NORDSON CORP,0000072331,10-K,2022-12-19,edgar/data/72331/0000072331-22-000185.txt
CEL SCI CORP,0000725363,10-K,2022-12-27,edgar/data/725363/0001654954-22-016959.txt
DALRADA FINANCIAL CORP,0000725394,10-K,2022-11-01,edgar/data/725394/0001683168-22-007171.txt
NORTH EUROPEAN OIL ROYALTY TRUST,0000072633,10-K,2022-12-30,edgar/data/72633/0000072633-22-000015.txt
ATMOS ENERGY CORP,0000731802,10-K,2022-11-14,edgar/data/731802/0000731802-22-000037.txt
TORO CO,0000737758,10-K,2022-12-22,edgar/data/737758/0000737758-22-000039.txt
Oil-Dri Corp of America,0000074046,10-K,2022-10-13,edgar/data/74046/0000074046-22-000072.txt
APPLIED DNA SCIENCES INC,0000744452,10-K,2022-12-14,edgar/data/744452/0001410578-22-003564.txt
"PETRO USA, INC.",0000745543,10-K,2022-10-14,edgar/data/745543/0001410187-22-000012.txt
INSTEEL INDUSTRIES INC,0000764401,10-K,2022-10-27,edgar/data/764401/0001437749-22-024897.txt
ABM INDUSTRIES INC /DE/,0000771497,10-K,2022-12-21,edgar/data/771497/0000771497-22-000028.txt
VERITEC INC,0000773318,10-K,2022-10-07,edgar/data/773318/0001607062-22-000615.txt
ALTEX INDUSTRIES INC,0000775057,10-K,2022-12-23,edgar/data/775057/0001096906-22-003043.txt
ARK RESTAURANTS CORP,0000779544,10-K,2022-12-20,edgar/data/779544/0000779544-22-000043.txt
DAILY JOURNAL CORP,0000783412,10-K,2022-12-19,edgar/data/783412/0001437749-22-029285.txt
EACO CORP,0000784539,10-K,2022-11-04,edgar/data/784539/0001410578-22-002955.txt
DLH Holdings Corp.,0000785557,10-K,2022-12-05,edgar/data/785557/0000785557-22-000046.txt
PLEXUS CORP,0000785786,10-K,2022-11-18,edgar/data/785786/0000785786-22-000085.txt
J&J SNACK FOODS CORP,0000785956,10-K,2022-11-22,edgar/data/785956/0001437749-22-027923.txt
JOHNSON OUTDOORS INC,0000788329,10-K,2022-12-09,edgar/data/788329/0001140361-22-045097.txt
CONECTISYS CORP,0000790273,10-K,2022-12-27,edgar/data/790273/0001683168-22-008637.txt
IMAGING DIAGNOSTIC SYSTEMS INC /FL/,0000790652,10-K,2022-10-04,edgar/data/790652/0001213900-22-061798.txt
"Toll Brothers, Inc.",0000794170,10-K,2022-12-19,edgar/data/794170/0000794170-22-000049.txt
MERIDIAN BIOSCIENCE INC,0000794172,10-K,2022-11-22,edgar/data/794172/0001193125-22-290521.txt
"Clearfield, Inc.",0000796505,10-K,2022-11-23,edgar/data/796505/0001171843-22-007645.txt
POWELL INDUSTRIES INC,0000080420,10-K,2022-12-06,edgar/data/80420/0000080420-22-000036.txt
QUALCOMM INC/DE,0000804328,10-K,2022-11-02,edgar/data/804328/0000804328-22-000021.txt
JACK IN THE BOX INC,0000807882,10-K,2022-11-22,edgar/data/807882/0000807882-22-000017.txt
EMCORE CORP,0000808326,10-K,2022-12-28,edgar/data/808326/0000808326-22-000061.txt
PHOTRONICS INC,0000810136,10-K,2022-12-23,edgar/data/810136/0001140361-22-046880.txt
MESA AIR GROUP INC,0000810332,10-K,2022-12-29,edgar/data/810332/0001564590-22-039954.txt
Cardiff Lexington Corp,0000811222,10-K,2022-10-21,edgar/data/811222/0001683168-22-007004.txt
FAIR ISAAC CORP,0000814547,10-K,2022-11-09,edgar/data/814547/0000814547-22-000016.txt
CHS INC,0000823277,10-K,2022-11-02,edgar/data/823277/0000823277-22-000050.txt
Good Times Restaurants Inc.,0000825324,10-K,2022-12-15,edgar/data/825324/0001214659-22-014979.txt
SCOTTS MIRACLE-GRO CO,0000825542,10-K,2022-11-28,edgar/data/825542/0001546380-22-000035.txt
"CLEANSPARK, INC.",0000827876,10-K,2022-12-15,edgar/data/827876/0000950170-22-026564.txt
STARBUCKS CORP,0000829224,10-K,2022-11-18,edgar/data/829224/0000829224-22-000058.txt
CHASE CORP,0000830524,10-K,2022-11-10,edgar/data/830524/0001558370-22-017454.txt
SCORES HOLDING CO INC,0000831489,10-K,2022-10-19,edgar/data/831489/0001104659-22-109919.txt
TETRA TECH INC,0000831641,10-K,2022-11-25,edgar/data/831641/0000831641-22-000123.txt
Johnson Controls International plc,0000833444,10-K,2022-11-15,edgar/data/833444/0000833444-22-000043.txt
REPUBLIC FIRST BANCORP INC,0000834285,10-K,2022-10-26,edgar/data/834285/0001437749-22-024725.txt
LINDSAY CORP,0000836157,10-K,2022-10-20,edgar/data/836157/0000950170-22-019799.txt
INNOVATIVE SOLUTIONS & SUPPORT INC,0000836690,10-K,2022-12-16,edgar/data/836690/0001104659-22-127805.txt
Santa Fe Gold CORP,0000851726,10-K,2022-10-13,edgar/data/851726/0001096906-22-002483.txt
DIGI INTERNATIONAL INC,0000854775,10-K,2022-11-23,edgar/data/854775/0000854775-22-000028.txt
PTC INC.,0000857005,10-K,2022-11-15,edgar/data/857005/0000950170-22-025211.txt
"China Green Agriculture, Inc.",0000857949,10-K,2022-11-10,edgar/data/857949/0001213900-22-071331.txt
HAYNES INTERNATIONAL INC,0000858655,10-K,2022-11-17,edgar/data/858655/0001558370-22-018036.txt
HOLOGIC INC,0000859737,10-K,2022-11-15,edgar/data/859737/0000859737-22-000022.txt
VERU INC.,0000863894,10-K,2022-12-05,edgar/data/863894/0000863894-22-000017.txt
MATRIX SERVICE CO,0000866273,10-K,2022-10-11,edgar/data/866273/0000866273-22-000105.txt
ESCO TECHNOLOGIES INC,0000866706,10-K,2022-11-29,edgar/data/866706/0001410578-22-003540.txt
AUTOZONE INC,0000866787,10-K,2022-10-24,edgar/data/866787/0001558370-22-015239.txt
AECOM,0000868857,10-K,2022-11-17,edgar/data/868857/0001104659-22-119637.txt
ALLIED HEALTHCARE PRODUCTS INC,0000874710,10-K,2022-10-07,edgar/data/874710/0001410578-22-002861.txt
NORTHERN TECHNOLOGIES INTERNATIONAL CORP,0000875582,10-K,2022-11-15,edgar/data/875582/0001171843-22-007494.txt
EZCORP INC,0000876523,10-K,2022-11-16,edgar/data/876523/0000876523-22-000071.txt
"ARROWHEAD PHARMACEUTICALS, INC.",0000879407,10-K,2022-11-28,edgar/data/879407/0001628280-22-030869.txt
HORTON D R INC /DE/,0000882184,10-K,2022-11-18,edgar/data/882184/0000882184-22-000184.txt
SYNOPSYS INC,0000883241,10-K,2022-12-12,edgar/data/883241/0000883241-22-000017.txt
UGI CORP /PA/,0000884614,10-K,2022-11-21,edgar/data/884614/0000884614-22-000061.txt
JEWETT CAMERON TRADING CO LTD,0000885307,10-K,2022-11-29,edgar/data/885307/0001553350-22-000979.txt
FUELCELL ENERGY INC,0000886128,10-K,2022-12-20,edgar/data/886128/0001558370-22-018810.txt
FRANKLIN COVEY CO,0000886206,10-K,2022-11-14,edgar/data/886206/0000886206-22-000028.txt
CENTRAL GARDEN & PET CO,0000887733,10-K,2022-11-22,edgar/data/887733/0000887733-22-000017.txt
"CANTALOUPE, INC.",0000896429,10-K,2022-10-19,edgar/data/896429/0001628280-22-026591.txt
SANMINA CORP,0000897723,10-K,2022-11-10,edgar/data/897723/0000897723-22-000029.txt
JABIL INC,0000898293,10-K,2022-10-25,edgar/data/898293/0001193125-22-268383.txt
SIFCO INDUSTRIES INC,0000090168,10-K,2022-12-23,edgar/data/90168/0000090168-22-000053.txt
"PATHWARD FINANCIAL, INC.",0000907471,10-K,2022-11-22,edgar/data/907471/0000907471-22-000156.txt
COSTCO WHOLESALE CORP /NEW,0000909832,10-K,2022-10-05,edgar/data/909832/0000909832-22-000021.txt
"SCHNITZER STEEL INDUSTRIES, INC.",0000912603,10-K,2022-10-24,edgar/data/912603/0000950170-22-019904.txt
StoneX Group Inc.,0000913760,10-K,2022-11-29,edgar/data/913760/0000913760-22-000174.txt
"Steel Connect, Inc.",0000914712,10-K,2022-11-09,edgar/data/914712/0001628280-22-029044.txt
BEAZER HOMES USA INC,0000915840,10-K,2022-11-10,edgar/data/915840/0000915840-22-000035.txt
SCHMITT INDUSTRIES INC,0000922612,10-K,2022-10-13,edgar/data/922612/0001193805-22-001402.txt
GREENBRIER COMPANIES INC,0000923120,10-K,2022-10-31,edgar/data/923120/0000950170-22-020502.txt
"Metavesco, Inc.",0000924095,10-K,2022-10-07,edgar/data/924095/0001493152-22-027935.txt
Genasys Inc.,0000924383,10-K,2022-12-16,edgar/data/924383/0001437749-22-029275.txt
"Descrypto Holdings, Inc.",0000924396,10-K,2022-10-31,edgar/data/924396/0001493152-22-030006.txt
SURMODICS INC,0000924717,10-K,2022-11-23,edgar/data/924717/0000950170-22-025644.txt
AMCON DISTRIBUTING CO,0000928465,10-K,2022-11-23,edgar/data/928465/0001558370-22-018185.txt
GLOBAL TECHNOLOGIES LTD,0000932021,10-K,2022-10-13,edgar/data/932021/0001493152-22-028326.txt
"Azenta, Inc.",0000933974,10-K,2022-11-25,edgar/data/933974/0001558370-22-018195.txt
NETWORK CN INC,0000934796,10-K,2022-12-23,edgar/data/934796/0001214659-22-015300.txt
"RCI HOSPITALITY HOLDINGS, INC.",0000935419,10-K,2022-12-14,edgar/data/935419/0001628280-22-031907.txt
CIENA CORP,0000936395,10-K,2022-12-16,edgar/data/936395/0000936395-22-000065.txt
WASHINGTON FEDERAL INC,0000936528,10-K,2022-11-18,edgar/data/936528/0000936528-22-000143.txt
TECHNICAL COMMUNICATIONS CORP,0000096699,10-K,2022-12-22,edgar/data/96699/0001171843-22-008187.txt
